<?xml version="1.0" encoding="UTF-8"?>
<project-private xmlns="http://www.netbeans.org/ns/project-private/1">
    <editor-bookmarks xmlns="http://www.netbeans.org/ns/editor-bookmarks/2" lastBookmarkId="0"/>
    <open-files xmlns="http://www.netbeans.org/ns/projectui-open-files/2">
        <group>
            <file>file:/D:/Project/web/Cart.jsp</file>
            <file>file:/D:/Project/src/java/controller/DeleteCartControl.java</file>
            <file>file:/D:/Project/src/java/controller/TotalMoneyCartControl.java</file>
            <file>file:/D:/Project/src/java/controller/DetailControl.java</file>
            <file>file:/D:/Project/web/Login.jsp</file>
            <file>file:/D:/Project/src/java/model/account.java</file>
            <file>file:/D:/Project/src/java/controller/LoadAmountCartControl.java</file>
            <file>file:/D:/Project/src/java/dal/DBContext.java</file>
            <file>file:/D:/Project/src/java/controller/SearchControl.java</file>
            <file>file:/D:/Project/src/java/controller/DeleteControl.java</file>
            <file>file:/D:/Project/web/js/manager.js</file>
            <file>file:/D:/Project/src/java/dal/DAO.java</file>
            <file>file:/D:/Project/src/java/model/category.java</file>
            <file>file:/D:/Project/src/java/controller/LogoutControl.java</file>
            <file>file:/D:/Project/web/Edit.jsp</file>
            <file>file:/D:/Project/web/css/manager.css</file>
            <file>file:/D:/Project/src/java/controller/ManagerControl.java</file>
            <file>file:/D:/Project/src/java/controller/LoadControl.java</file>
            <file>file:/D:/Project/src/java/controller/CartControl.java</file>
            <file>file:/D:/Project/web/Order.jsp</file>
            <file>file:/D:/Project/web/Menu.jsp</file>
            <file>file:/D:/Project/web/Home.jsp</file>
            <file>file:/D:/Project/web/Left.jsp</file>
            <file>file:/D:/Project/src/java/controller/AddControl.java</file>
            <file>file:/D:/Project/src/java/controller/EditControl.java</file>
            <file>file:/D:/Project/src/java/controller/AddCartControl.java</file>
            <file>file:/D:/Project/src/java/controller/LoginControl.java</file>
            <file>file:/D:/Project/src/java/model/cart.java</file>
            <file>file:/D:/Project/web/Footer.jsp</file>
            <file>file:/D:/Project/src/java/controller/SignupControl.java</file>
            <file>file:/D:/Project/src/java/controller/OrderControl.java</file>
            <file>file:/D:/Project/src/java/controller/AddAmountCartControl.java</file>
            <file>file:/D:/Project/web/css/style.css</file>
            <file>file:/D:/Project/web/Detail.jsp</file>
            <file>file:/D:/Project/src/java/controller/HomeControl.java</file>
            <file>file:/D:/Project/src/java/controller/CategoryControl.java</file>
            <file>file:/D:/Project/src/java/controller/SubAmountCartControl.java</file>
            <file>file:/D:/Project/src/java/model/product.java</file>
            <file>file:/D:/Project/web/ManagerProduct.jsp</file>
        </group>
    </open-files>
</project-private>
